Workbook

Sheet OUTCOME MODEL
A1: Visual Table | P1: =1.5*(14.75-6) -> 13.125
A3: 3P Cost / order | B3: 14.75
A4: Staff Cost / hr. | B4: 0
A5: V. Cost/order | B5: 6
C7: Utilization% | I7: Internal % | O7: Orders/Hr./Driver | U7: SAR/Hr. (Profit vs. 3P)
C8: CAPACITY (Orders/hr./driver) | I8: CAPACITY (Orders/hr./driver) | O8: CAPACITY (Orders/hr./driver) | U8: CAPACITY (Orders/hr./driver)
A9: DRIVERS | B9: DEMAND | C9: 1 | D9: 1.5 | E9: 2 | F9: 2.5 | G9: 3 | H9: 3.5 | I9: 1 | J9: 1.5 | K9: 2 | L9: 2.5 | M9: 3 | N9: 3.5 | O9: 1 | P9: 1.5 | Q9: 2 | R9: 2.5 | S9: 3 | T9: 3.5 | U9: 1 | V9: 1.5 | W9: 2 | X9: 2.5 | Y9: 3 | Z9: 3.5
A10: 1 | B10: 0 | C10: 0 | D10: 0 | E10: 0 | F10: 0 | G10: 0 | H10: 0 | J10: 0 | K10: 0 | L10: 0 | M10: 0 | N10: 0 | O10: =IF((C10*O$9*$A10)>$B10,$B10/$A10,(C10*O$9)) -> 0 | P10: =IF((D10*P$9*$A10)>$B10,$B10/$A10,(D10*P$9)) -> 0 | Q10: =IF((E10*Q$9*$A10)>$B10,$B10/$A10,(E10*Q$9)) -> 0 | R10: =IF((F10*R$9*$A10)>$B10,$B10/$A10,(F10*R$9)) -> 0 | S10: =IF((G10*S$9*$A10)>$B10,$B10/$A10,(G10*S$9)) -> 0 | T10: =IF((H10*T$9*$A10)>$B10,$B10/$A10,(H10*T$9)) -> 0 | U10: =(O10*$A10*$B$3)-(($B$4*$A10)+(O10*$B$5*$A10)) -> 0 | V10: =(P10*$A10*$B$3)-(($B$4*$A10)+(P10*$B$5*$A10)) -> 0 | W10: =(Q10*$A10*$B$3)-(($B$4*$A10)+(Q10*$B$5*$A10)) -> 0 | X10: =(R10*$A10*$B$3)-(($B$4*$A10)+(R10*$B$5*$A10)) -> 0 | Y10: =(S10*$A10*$B$3)-(($B$4*$A10)+(S10*$B$5*$A10)) -> 0 | Z10: =(T10*$A10*$B$3)-(($B$4*$A10)+(T10*$B$5*$A10)) -> 0
A11: 1 | B11: 1 | C11: 0.54 | D11: 0.4979145 | E11: 0.46487494 | F11: 0.42961863 | G11: 0.40262709 | H11: 0.36522103 | J11: 0.618 | K11: 0.734 | L11: 0.816 | M11: 0.876 | N11: 0.922 | O11: =IF((C11*O$9*$A11)>$B11,$B11/$A11,(C11*O$9)) -> 0.54 | P11: =IF((D11*P$9*$A11)>$B11,$B11/$A11,(D11*P$9)) -> 0.74687175 | Q11: =IF((E11*Q$9*$A11)>$B11,$B11/$A11,(E11*Q$9)) -> 0.92974987 | R11: =IF((F11*R$9*$A11)>$B11,$B11/$A11,(F11*R$9)) -> 1 | S11: =IF((G11*S$9*$A11)>$B11,$B11/$A11,(G11*S$9)) -> 1 | T11: =IF((H11*T$9*$A11)>$B11,$B11/$A11,(H11*T$9)) -> 1 | U11: =(O11*$A11*$B$3)-(($B$4*$A11)+(O11*$B$5*$A11)) -> 4.725 | V11: =(P11*$A11*$B$3)-(($B$4*$A11)+(P11*$B$5*$A11)) -> 6.5351278 | W11: =(Q11*$A11*$B$3)-(($B$4*$A11)+(Q11*$B$5*$A11)) -> 8.1353114 | X11: =(R11*$A11*$B$3)-(($B$4*$A11)+(R11*$B$5*$A11)) -> 8.75 | Y11: =(S11*$A11*$B$3)-(($B$4*$A11)+(S11*$B$5*$A11)) -> 8.75 | Z11: =(T11*$A11*$B$3)-(($B$4*$A11)+(T11*$B$5*$A11)) -> 8.75
A12: 1 | B12: 2 | C12: 0.77 | D12: 0.74738904 | E12: 0.72617448 | F12: 0.68622086 | G12: 0.65873074 | H12: 0.63340981 | J12: 0.484 | K12: 0.578 | L12: 0.609 | M12: 0.738 | N12: 0.783 | O12: =IF((C12*O$9*$A12)>$B12,$B12/$A12,(C12*O$9)) -> 0.77 | P12: =IF((D12*P$9*$A12)>$B12,$B12/$A12,(D12*P$9)) -> 1.1210836 | Q12: =IF((E12*Q$9*$A12)>$B12,$B12/$A12,(E12*Q$9)) -> 1.452349 | R12: =IF((F12*R$9*$A12)>$B12,$B12/$A12,(F12*R$9)) -> 1.7155521 | S12: =IF((G12*S$9*$A12)>$B12,$B12/$A12,(G12*S$9)) -> 1.9761922 | T12: =IF((H12*T$9*$A12)>$B12,$B12/$A12,(H12*T$9)) -> 2 | U12: =(O12*$A12*$B$3)-(($B$4*$A12)+(O12*$B$5*$A12)) -> 6.7375 | V12: =(P12*$A12*$B$3)-(($B$4*$A12)+(P12*$B$5*$A12)) -> 9.8094812 | W12: =(Q12*$A12*$B$3)-(($B$4*$A12)+(Q12*$B$5*$A12)) -> 12.708053 | X12: =(R12*$A12*$B$3)-(($B$4*$A12)+(R12*$B$5*$A12)) -> 15.011081 | Y12: =(S12*$A12*$B$3)-(($B$4*$A12)+(S12*$B$5*$A12)) -> 17.291682 | Z12: =(T12*$A12*$B$3)-(($B$4*$A12)+(T12*$B$5*$A12)) -> 17.5
A13: 1 | B13: 3 | C13: 0.9 | D13: 0.88276545 | E13: 0.87876777 | F13: 0.82166024 | G13: 0.8107642 | H13: 0.79301021 | J13: 0.369 | K13: 0.481 | L13: 0.536 | M13: 0.594 | N13: 0.651 | O13: =IF((C13*O$9*$A13)>$B13,$B13/$A13,(C13*O$9)) -> 0.9 | P13: =IF((D13*P$9*$A13)>$B13,$B13/$A13,(D13*P$9)) -> 1.3241482 | Q13: =IF((E13*Q$9*$A13)>$B13,$B13/$A13,(E13*Q$9)) -> 1.7575355 | R13: =IF((F13*R$9*$A13)>$B13,$B13/$A13,(F13*R$9)) -> 2.0541506 | S13: =IF((G13*S$9*$A13)>$B13,$B13/$A13,(G13*S$9)) -> 2.4322926 | T13: =IF((H13*T$9*$A13)>$B13,$B13/$A13,(H13*T$9)) -> 2.7755357 | U13: =(O13*$A13*$B$3)-(($B$4*$A13)+(O13*$B$5*$A13)) -> 7.875 | V13: =(P13*$A13*$B$3)-(($B$4*$A13)+(P13*$B$5*$A13)) -> 11.586297 | W13: =(Q13*$A13*$B$3)-(($B$4*$A13)+(Q13*$B$5*$A13)) -> 15.378436 | X13: =(R13*$A13*$B$3)-(($B$4*$A13)+(R13*$B$5*$A13)) -> 17.973818 | Y13: =(S13*$A13*$B$3)-(($B$4*$A13)+(S13*$B$5*$A13)) -> 21.28256 | Z13: =(T13*$A13*$B$3)-(($B$4*$A13)+(T13*$B$5*$A13)) -> 24.285938
A14: 1 | B14: 4 | C14: 0.97 | D14: 0.95476509 | E14: 0.96815141 | F14: 0.89637788 | G14: 0.89744214 | H14: 0.88935811 | J14: 0.302 | K14: 0.429 | L14: 0.451 | M14: 0.497 | N14: 0.57 | O14: =IF((C14*O$9*$A14)>$B14,$B14/$A14,(C14*O$9)) -> 0.97 | P14: =IF((D14*P$9*$A14)>$B14,$B14/$A14,(D14*P$9)) -> 1.4321476 | Q14: =IF((E14*Q$9*$A14)>$B14,$B14/$A14,(E14*Q$9)) -> 1.9363028 | R14: =IF((F14*R$9*$A14)>$B14,$B14/$A14,(F14*R$9)) -> 2.2409447 | S14: =IF((G14*S$9*$A14)>$B14,$B14/$A14,(G14*S$9)) -> 2.6923264 | T14: =IF((H14*T$9*$A14)>$B14,$B14/$A14,(H14*T$9)) -> 3.1127534 | U14: =(O14*$A14*$B$3)-(($B$4*$A14)+(O14*$B$5*$A14)) -> 8.4875 | V14: =(P14*$A14*$B$3)-(($B$4*$A14)+(P14*$B$5*$A14)) -> 12.531292 | W14: =(Q14*$A14*$B$3)-(($B$4*$A14)+(Q14*$B$5*$A14)) -> 16.94265 | X14: =(R14*$A14*$B$3)-(($B$4*$A14)+(R14*$B$5*$A14)) -> 19.608266 | Y14: =(S14*$A14*$B$3)-(($B$4*$A14)+(S14*$B$5*$A14)) -> 23.557856 | Z14: =(T14*$A14*$B$3)-(($B$4*$A14)+(T14*$B$5*$A14)) -> 27.236592
A15: 1 | B15: 5 | C15: 1 | D15: 1.0191887 | E15: 1.0293191 | F15: 0.94055248 | G15: 0.94364144 | H15: 0.95078187 | J15: 0.267 | K15: 0.359 | L15: 0.373 | M15: 0.433 | N15: 0.441 | O15: =IF((C15*O$9*$A15)>$B15,$B15/$A15,(C15*O$9)) -> 1 | P15: =IF((D15*P$9*$A15)>$B15,$B15/$A15,(D15*P$9)) -> 1.528783 | Q15: =IF((E15*Q$9*$A15)>$B15,$B15/$A15,(E15*Q$9)) -> 2.0586383 | R15: =IF((F15*R$9*$A15)>$B15,$B15/$A15,(F15*R$9)) -> 2.3513812 | S15: =IF((G15*S$9*$A15)>$B15,$B15/$A15,(G15*S$9)) -> 2.8309243 | T15: =IF((H15*T$9*$A15)>$B15,$B15/$A15,(H15*T$9)) -> 3.3277366 | U15: =(O15*$A15*$B$3)-(($B$4*$A15)+(O15*$B$5*$A15)) -> 8.75 | V15: =(P15*$A15*$B$3)-(($B$4*$A15)+(P15*$B$5*$A15)) -> 13.376851 | W15: =(Q15*$A15*$B$3)-(($B$4*$A15)+(Q15*$B$5*$A15)) -> 18.013085 | X15: =(R15*$A15*$B$3)-(($B$4*$A15)+(R15*$B$5*$A15)) -> 20.574586 | Y15: =(S15*$A15*$B$3)-(($B$4*$A15)+(S15*$B$5*$A15)) -> 24.770588 | Z15: =(T15*$A15*$B$3)-(($B$4*$A15)+(T15*$B$5*$A15)) -> 29.117695
A16: 1 | B16: 6 | C16: 1 | D16: 1.042266 | E16: 1.0738799 | F16: 0.97466354 | G16: 0.98241784 | H16: 0.98083346 | J16: 0.227 | K16: 0.309 | L16: 0.289 | M16: 0.343 | N16: 0.424 | O16: =IF((C16*O$9*$A16)>$B16,$B16/$A16,(C16*O$9)) -> 1 | P16: =IF((D16*P$9*$A16)>$B16,$B16/$A16,(D16*P$9)) -> 1.563399 | Q16: =IF((E16*Q$9*$A16)>$B16,$B16/$A16,(E16*Q$9)) -> 2.1477597 | R16: =IF((F16*R$9*$A16)>$B16,$B16/$A16,(F16*R$9)) -> 2.4366588 | S16: =IF((G16*S$9*$A16)>$B16,$B16/$A16,(G16*S$9)) -> 2.9472535 | T16: =IF((H16*T$9*$A16)>$B16,$B16/$A16,(H16*T$9)) -> 3.4329171 | U16: =(O16*$A16*$B$3)-(($B$4*$A16)+(O16*$B$5*$A16)) -> 8.75 | V16: =(P16*$A16*$B$3)-(($B$4*$A16)+(P16*$B$5*$A16)) -> 13.679741 | W16: =(Q16*$A16*$B$3)-(($B$4*$A16)+(Q16*$B$5*$A16)) -> 18.792898 | X16: =(R16*$A16*$B$3)-(($B$4*$A16)+(R16*$B$5*$A16)) -> 21.320765 | Y16: =(S16*$A16*$B$3)-(($B$4*$A16)+(S16*$B$5*$A16)) -> 25.788468 | Z16: =(T16*$A16*$B$3)-(($B$4*$A16)+(T16*$B$5*$A16)) -> 30.038025
A17: 1 | B17: 7 | C17: 1 | D17: 1.0709097 | E17: 1.1056015 | F17: 0.98900251 | G17: 0.99485042 | H17: 0.99923885 | J17: 0.208 | K17: 0.28 | L17: 0.272 | M17: 0.327 | N17: 0.358 | O17: =IF((C17*O$9*$A17)>$B17,$B17/$A17,(C17*O$9)) -> 1 | P17: =IF((D17*P$9*$A17)>$B17,$B17/$A17,(D17*P$9)) -> 1.6063645 | Q17: =IF((E17*Q$9*$A17)>$B17,$B17/$A17,(E17*Q$9)) -> 2.2112031 | R17: =IF((F17*R$9*$A17)>$B17,$B17/$A17,(F17*R$9)) -> 2.4725063 | S17: =IF((G17*S$9*$A17)>$B17,$B17/$A17,(G17*S$9)) -> 2.9845513 | T17: =IF((H17*T$9*$A17)>$B17,$B17/$A17,(H17*T$9)) -> 3.497336 | U17: =(O17*$A17*$B$3)-(($B$4*$A17)+(O17*$B$5*$A17)) -> 8.75 | V17: =(P17*$A17*$B$3)-(($B$4*$A17)+(P17*$B$5*$A17)) -> 14.05569 | W17: =(Q17*$A17*$B$3)-(($B$4*$A17)+(Q17*$B$5*$A17)) -> 19.348027 | X17: =(R17*$A17*$B$3)-(($B$4*$A17)+(R17*$B$5*$A17)) -> 21.63443 | Y17: =(S17*$A17*$B$3)-(($B$4*$A17)+(S17*$B$5*$A17)) -> 26.114823 | Z17: =(T17*$A17*$B$3)-(($B$4*$A17)+(T17*$B$5*$A17)) -> 30.60169
A18: 1 | B18: 8 | C18: 1 | D18: 1.0896314 | E18: 1.1249918 | F18: 1.0045532 | G18: 1.012818 | H18: 1.0195639 | J18: 0.203 | K18: 0.237 | L18: 0.242 | M18: 0.258 | N18: 0.312 | O18: =IF((C18*O$9*$A18)>$B18,$B18/$A18,(C18*O$9)) -> 1 | P18: =IF((D18*P$9*$A18)>$B18,$B18/$A18,(D18*P$9)) -> 1.6344471 | Q18: =IF((E18*Q$9*$A18)>$B18,$B18/$A18,(E18*Q$9)) -> 2.2499836 | R18: =IF((F18*R$9*$A18)>$B18,$B18/$A18,(F18*R$9)) -> 2.5113829 | S18: =IF((G18*S$9*$A18)>$B18,$B18/$A18,(G18*S$9)) -> 3.0384539 | T18: =IF((H18*T$9*$A18)>$B18,$B18/$A18,(H18*T$9)) -> 3.5684735 | U18: =(O18*$A18*$B$3)-(($B$4*$A18)+(O18*$B$5*$A18)) -> 8.75 | V18: =(P18*$A18*$B$3)-(($B$4*$A18)+(P18*$B$5*$A18)) -> 14.301412 | W18: =(Q18*$A18*$B$3)-(($B$4*$A18)+(Q18*$B$5*$A18)) -> 19.687357 | X18: =(R18*$A18*$B$3)-(($B$4*$A18)+(R18*$B$5*$A18)) -> 21.974601 | Y18: =(S18*$A18*$B$3)-(($B$4*$A18)+(S18*$B$5*$A18)) -> 26.586471 | Z18: =(T18*$A18*$B$3)-(($B$4*$A18)+(T18*$B$5*$A18)) -> 31.224143
A19: 1 | B19: 9 | C19: 1 | D19: 1.1126814 | E19: 1.1396373 | F19: 1.0035374 | G19: 1.0181296 | H19: 1.031694 | J19: 0.184 | K19: 0.198 | L19: 0.206 | M19: 0.262 | N19: 0.284 | O19: =IF((C19*O$9*$A19)>$B19,$B19/$A19,(C19*O$9)) -> 1 | P19: =IF((D19*P$9*$A19)>$B19,$B19/$A19,(D19*P$9)) -> 1.6690221 | Q19: =IF((E19*Q$9*$A19)>$B19,$B19/$A19,(E19*Q$9)) -> 2.2792746 | R19: =IF((F19*R$9*$A19)>$B19,$B19/$A19,(F19*R$9)) -> 2.5088436 | S19: =IF((G19*S$9*$A19)>$B19,$B19/$A19,(G19*S$9)) -> 3.0543889 | T19: =IF((H19*T$9*$A19)>$B19,$B19/$A19,(H19*T$9)) -> 3.610929 | U19: =(O19*$A19*$B$3)-(($B$4*$A19)+(O19*$B$5*$A19)) -> 8.75 | V19: =(P19*$A19*$B$3)-(($B$4*$A19)+(P19*$B$5*$A19)) -> 14.603944 | W19: =(Q19*$A19*$B$3)-(($B$4*$A19)+(Q19*$B$5*$A19)) -> 19.943653 | X19: =(R19*$A19*$B$3)-(($B$4*$A19)+(R19*$B$5*$A19)) -> 21.952381 | Y19: =(S19*$A19*$B$3)-(($B$4*$A19)+(S19*$B$5*$A19)) -> 26.725903 | Z19: =(T19*$A19*$B$3)-(($B$4*$A19)+(T19*$B$5*$A19)) -> 31.595629
A20: 1 | B20: 10 | C20: 1 | D20: 1.1130152 | E20: 1.1477609 | F20: 1.0165203 | G20: 1.0278827 | H20: 1.0372934 | J20: 0.164 | K20: 0.219 | L20: 0.188 | M20: 0.234 | N20: 0.251 | O20: =IF((C20*O$9*$A20)>$B20,$B20/$A20,(C20*O$9)) -> 1 | P20: =IF((D20*P$9*$A20)>$B20,$B20/$A20,(D20*P$9)) -> 1.6695227 | Q20: =IF((E20*Q$9*$A20)>$B20,$B20/$A20,(E20*Q$9)) -> 2.2955218 | R20: =IF((F20*R$9*$A20)>$B20,$B20/$A20,(F20*R$9)) -> 2.5413008 | S20: =IF((G20*S$9*$A20)>$B20,$B20/$A20,(G20*S$9)) -> 3.0836482 | T20: =IF((H20*T$9*$A20)>$B20,$B20/$A20,(H20*T$9)) -> 3.6305271 | U20: =(O20*$A20*$B$3)-(($B$4*$A20)+(O20*$B$5*$A20)) -> 8.75 | V20: =(P20*$A20*$B$3)-(($B$4*$A20)+(P20*$B$5*$A20)) -> 14.608324 | W20: =(Q20*$A20*$B$3)-(($B$4*$A20)+(Q20*$B$5*$A20)) -> 20.085815 | X20: =(R20*$A20*$B$3)-(($B$4*$A20)+(R20*$B$5*$A20)) -> 22.236382 | Y20: =(S20*$A20*$B$3)-(($B$4*$A20)+(S20*$B$5*$A20)) -> 26.981922 | Z20: =(T20*$A20*$B$3)-(($B$4*$A20)+(T20*$B$5*$A20)) -> 31.767112
A21: 1 | B21: 11 | C21: 1 | D21: 1.1149768 | E21: 1.1677247 | F21: 1.0146421 | G21: 1.0388546 | H21: 1.0498497 | J21: 0.15 | K21: 0.2 | L21: 0.17 | M21: 0.182 | N21: 0.206 | O21: =IF((C21*O$9*$A21)>$B21,$B21/$A21,(C21*O$9)) -> 1 | P21: =IF((D21*P$9*$A21)>$B21,$B21/$A21,(D21*P$9)) -> 1.6724652 | Q21: =IF((E21*Q$9*$A21)>$B21,$B21/$A21,(E21*Q$9)) -> 2.3354494 | R21: =IF((F21*R$9*$A21)>$B21,$B21/$A21,(F21*R$9)) -> 2.5366054 | S21: =IF((G21*S$9*$A21)>$B21,$B21/$A21,(G21*S$9)) -> 3.1165639 | T21: =IF((H21*T$9*$A21)>$B21,$B21/$A21,(H21*T$9)) -> 3.6744738 | U21: =(O21*$A21*$B$3)-(($B$4*$A21)+(O21*$B$5*$A21)) -> 8.75 | V21: =(P21*$A21*$B$3)-(($B$4*$A21)+(P21*$B$5*$A21)) -> 14.63407 | W21: =(Q21*$A21*$B$3)-(($B$4*$A21)+(Q21*$B$5*$A21)) -> 20.435182 | X21: =(R21*$A21*$B$3)-(($B$4*$A21)+(R21*$B$5*$A21)) -> 22.195297 | Y21: =(S21*$A21*$B$3)-(($B$4*$A21)+(S21*$B$5*$A21)) -> 27.269934 | Z21: =(T21*$A21*$B$3)-(($B$4*$A21)+(T21*$B$5*$A21)) -> 32.151646
... A87: 6 | B87: 12 | C87: 0.88 | D87: 0.85600335 | E87: 0.83641424 | F87: 0.79723229 | G87: 0.74845104 | H87: 0.69330085 | J87: 0.651 | K87: 0.823 | L87: 0.9 | M87: 0.951 | N87: 0.987 | O87: =IF((C87*O$9*$A87)>$B87,$B87/$A87,(C87*O$9)) -> 0.88 | P87: =IF((D87*P$9*$A87)>$B87,$B87/$A87,(D87*P$9)) -> 1.284005 | Q87: =IF((E87*Q$9*$A87)>$B87,$B87/$A87,(E87*Q$9)) -> 1.6728285 | R87: =IF((F87*R$9*$A87)>$B87,$B87/$A87,(F87*R$9)) -> 1.9930807 | S87: =IF((G87*S$9*$A87)>$B87,$B87/$A87,(G87*S$9)) -> 2 | T87: =IF((H87*T$9*$A87)>$B87,$B87/$A87,(H87*T$9)) -> 2 | U87: =(O87*$A87*$B$3)-(($B$4*$A87)+(O87*$B$5*$A87)) -> 46.2 | V87: =(P87*$A87*$B$3)-(($B$4*$A87)+(P87*$B$5*$A87)) -> 67.410264 | W87: =(Q87*$A87*$B$3)-(($B$4*$A87)+(Q87*$B$5*$A87)) -> 87.823495 | X87: =(R87*$A87*$B$3)-(($B$4*$A87)+(R87*$B$5*$A87)) -> 104.63674 | Y87: =(S87*$A87*$B$3)-(($B$4*$A87)+(S87*$B$5*$A87)) -> 105 | Z87: =(T87*$A87*$B$3)-(($B$4*$A87)+(T87*$B$5*$A87)) -> 105

Sheet OUTCOME (DB Table)
A1: PROFIT MATRIX (EFT vs. 3P)
A3: DRIVERS | B3: DEMAND | C3: CAPACITY | D3: PROFIT | E3: Utilization % | F3: Internal % | G3: Actual Capacity
A4: 1 | B4: 0 | C4: 1 | D4: {=+INDEX('OUTCOME MODEL'!$U$10:$Z$87,MATCH(Table1[[#This Row],[DRIVERS]]&Table1[[#This Row],[DEMAND]],'OUTCOME MODEL'!$A$10:$A$87&'OUTCOME MODEL'!$B$10:$B$87,0),MATCH(Table1[[#This Row],[CAPACITY]],'OUTCOME MODEL'!$U$9:$Z$9))} -> 0 | E4: {=+INDEX('OUTCOME MODEL'!$C$10:$H$87,MATCH(Table1[[#This Row],[DRIVERS]]&Table1[[#This Row],[DEMAND]],'OUTCOME MODEL'!$A$10:$A$87&'OUTCOME MODEL'!$B$10:$B$87,0),MATCH(Table1[[#This Row],[CAPACITY]],'OUTCOME MODEL'!$C$9:$H$9))} -> 0 | F4: {=+INDEX('OUTCOME MODEL'!$I$10:$N$87,MATCH(Table1[[#This Row],[DRIVERS]]&Table1[[#This Row],[DEMAND]],'OUTCOME MODEL'!$A$10:$A$87&'OUTCOME MODEL'!$B$10:$B$87,0),MATCH(Table1[[#This Row],[CAPACITY]],'OUTCOME MODEL'!$I$9:$N$9))} -> 0 | G4: {=+INDEX('OUTCOME MODEL'!$O$10:$T$87,MATCH(Table1[[#This Row],[DRIVERS]]&Table1[[#This Row],[DEMAND]],'OUTCOME MODEL'!$A$10:$A$87&'OUTCOME MODEL'!$B$10:$B$87,0),MATCH(Table1[[#This Row],[CAPACITY]],'OUTCOME MODEL'!$O$9:$T$9))} -> 0
A5: 1 | B5: 1 | C5: 1 | D5: {=+INDEX('OUTCOME MODEL'!$U$10:$Z$87,MATCH(Table1[[#This Row],[DRIVERS]]&Table1[[#This Row],[DEMAND]],'OUTCOME MODEL'!$A$10:$A$87&'OUTCOME MODEL'!$B$10:$B$87,0),MATCH(Table1[[#This Row],[CAPACITY]],'OUTCOME MODEL'!$U$9:$Z$9))} -> 4.725 | E5: {=+INDEX('OUTCOME MODEL'!$C$10:$H$87,MATCH(Table1[[#This Row],[DRIVERS]]&Table1[[#This Row],[DEMAND]],'OUTCOME MODEL'!$A$10:$A$87&'OUTCOME MODEL'!$B$10:$B$87,0),MATCH(Table1[[#This Row],[CAPACITY]],'OUTCOME MODEL'!$C$9:$H$9))} -> 0.54 | F5: {=+INDEX('OUTCOME MODEL'!$I$10:$N$87,MATCH(Table1[[#This Row],[DRIVERS]]&Table1[[#This Row],[DEMAND]],'OUTCOME MODEL'!$A$10:$A$87&'OUTCOME MODEL'!$B$10:$B$87,0),MATCH(Table1[[#This Row],[CAPACITY]],'OUTCOME MODEL'!$I$9:$N$9))} -> 0 | G5: {=+INDEX('OUTCOME MODEL'!$O$10:$T$87,MATCH(Table1[[#This Row],[DRIVERS]]&Table1[[#This Row],[DEMAND]],'OUTCOME MODEL'!$A$10:$A$87&'OUTCOME MODEL'!$B$10:$B$87,0),MATCH(Table1[[#This Row],[CAPACITY]],'OUTCOME MODEL'!$O$9:$T$9))} -> 0.54
A6: 1 | B6: 2 | C6: 1 | D6: {=+INDEX('OUTCOME MODEL'!$U$10:$Z$87,MATCH(Table1[[#This Row],[DRIVERS]]&Table1[[#This Row],[DEMAND]],'OUTCOME MODEL'!$A$10:$A$87&'OUTCOME MODEL'!$B$10:$B$87,0),MATCH(Table1[[#This Row],[CAPACITY]],'OUTCOME MODEL'!$U$9:$Z$9))} -> 6.7375 | E6: {=+INDEX('OUTCOME MODEL'!$C$10:$H$87,MATCH(Table1[[#This Row],[DRIVERS]]&Table1[[#This Row],[DEMAND]],'OUTCOME MODEL'!$A$10:$A$87&'OUTCOME MODEL'!$B$10:$B$87,0),MATCH(Table1[[#This Row],[CAPACITY]],'OUTCOME MODEL'!$C$9:$H$9))} -> 0.77 | F6: {=+INDEX('OUTCOME MODEL'!$I$10:$N$87,MATCH(Table1[[#This Row],[DRIVERS]]&Table1[[#This Row],[DEMAND]],'OUTCOME MODEL'!$A$10:$A$87&'OUTCOME MODEL'!$B$10:$B$87,0),MATCH(Table1[[#This Row],[CAPACITY]],'OUTCOME MODEL'!$I$9:$N$9))} -> 0 | G6: {=+INDEX('OUTCOME MODEL'!$O$10:$T$87,MATCH(Table1[[#This Row],[DRIVERS]]&Table1[[#This Row],[DEMAND]],'OUTCOME MODEL'!$A$10:$A$87&'OUTCOME MODEL'!$B$10:$B$87,0),MATCH(Table1[[#This Row],[CAPACITY]],'OUTCOME MODEL'!$O$9:$T$9))} -> 0.77
A7: 1 | B7: 3 | C7: 1 | D7: {=+INDEX('OUTCOME MODEL'!$U$10:$Z$87,MATCH(Table1[[#This Row],[DRIVERS]]&Table1[[#This Row],[DEMAND]],'OUTCOME MODEL'!$A$10:$A$87&'OUTCOME MODEL'!$B$10:$B$87,0),MATCH(Table1[[#This Row],[CAPACITY]],'OUTCOME MODEL'!$U$9:$Z$9))} -> 7.875 | E7: {=+INDEX('OUTCOME MODEL'!$C$10:$H$87,MATCH(Table1[[#This Row],[DRIVERS]]&Table1[[#This Row],[DEMAND]],'OUTCOME MODEL'!$A$10:$A$87&'OUTCOME MODEL'!$B$10:$B$87,0),MATCH(Table1[[#This Row],[CAPACITY]],'OUTCOME MODEL'!$C$9:$H$9))} -> 0.9 | F7: {=+INDEX('OUTCOME MODEL'!$I$10:$N$87,MATCH(Table1[[#This Row],[DRIVERS]]&Table1[[#This Row],[DEMAND]],'OUTCOME MODEL'!$A$10:$A$87&'OUTCOME MODEL'!$B$10:$B$87,0),MATCH(Table1[[#This Row],[CAPACITY]],'OUTCOME MODEL'!$I$9:$N$9))} -> 0 | G7: {=+INDEX('OUTCOME MODEL'!$O$10:$T$87,MATCH(Table1[[#This Row],[DRIVERS]]&Table1[[#This Row],[DEMAND]],'OUTCOME MODEL'!$A$10:$A$87&'OUTCOME MODEL'!$B$10:$B$87,0),MATCH(Table1[[#This Row],[CAPACITY]],'OUTCOME MODEL'!$O$9:$T$9))} -> 0.9
A8: 1 | B8: 4 | C8: 1 | D8: {=+INDEX('OUTCOME MODEL'!$U$10:$Z$87,MATCH(Table1[[#This Row],[DRIVERS]]&Table1[[#This Row],[DEMAND]],'OUTCOME MODEL'!$A$10:$A$87&'OUTCOME MODEL'!$B$10:$B$87,0),MATCH(Table1[[#This Row],[CAPACITY]],'OUTCOME MODEL'!$U$9:$Z$9))} -> 8.4875 | E8: {=+INDEX('OUTCOME MODEL'!$C$10:$H$87,MATCH(Table1[[#This Row],[DRIVERS]]&Table1[[#This Row],[DEMAND]],'OUTCOME MODEL'!$A$10:$A$87&'OUTCOME MODEL'!$B$10:$B$87,0),MATCH(Table1[[#This Row],[CAPACITY]],'OUTCOME MODEL'!$C$9:$H$9))} -> 0.97 | F8: {=+INDEX('OUTCOME MODEL'!$I$10:$N$87,MATCH(Table1[[#This Row],[DRIVERS]]&Table1[[#This Row],[DEMAND]],'OUTCOME MODEL'!$A$10:$A$87&'OUTCOME MODEL'!$B$10:$B$87,0),MATCH(Table1[[#This Row],[CAPACITY]],'OUTCOME MODEL'!$I$9:$N$9))} -> 0 | G8: {=+INDEX('OUTCOME MODEL'!$O$10:$T$87,MATCH(Table1[[#This Row],[DRIVERS]]&Table1[[#This Row],[DEMAND]],'OUTCOME MODEL'!$A$10:$A$87&'OUTCOME MODEL'!$B$10:$B$87,0),MATCH(Table1[[#This Row],[CAPACITY]],'OUTCOME MODEL'!$O$9:$T$9))} -> 0.97
A9: 1 | B9: 5 | C9: 1 | D9: {=+INDEX('OUTCOME MODEL'!$U$10:$Z$87,MATCH(Table1[[#This Row],[DRIVERS]]&Table1[[#This Row],[DEMAND]],'OUTCOME MODEL'!$A$10:$A$87&'OUTCOME MODEL'!$B$10:$B$87,0),MATCH(Table1[[#This Row],[CAPACITY]],'OUTCOME MODEL'!$U$9:$Z$9))} -> 8.75 | E9: {=+INDEX('OUTCOME MODEL'!$C$10:$H$87,MATCH(Table1[[#This Row],[DRIVERS]]&Table1[[#This Row],[DEMAND]],'OUTCOME MODEL'!$A$10:$A$87&'OUTCOME MODEL'!$B$10:$B$87,0),MATCH(Table1[[#This Row],[CAPACITY]],'OUTCOME MODEL'!$C$9:$H$9))} -> 1 | F9: {=+INDEX('OUTCOME MODEL'!$I$10:$N$87,MATCH(Table1[[#This Row],[DRIVERS]]&Table1[[#This Row],[DEMAND]],'OUTCOME MODEL'!$A$10:$A$87&'OUTCOME MODEL'!$B$10:$B$87,0),MATCH(Table1[[#This Row],[CAPACITY]],'OUTCOME MODEL'!$I$9:$N$9))} -> 0 | G9: {=+INDEX('OUTCOME MODEL'!$O$10:$T$87,MATCH(Table1[[#This Row],[DRIVERS]]&Table1[[#This Row],[DEMAND]],'OUTCOME MODEL'!$A$10:$A$87&'OUTCOME MODEL'!$B$10:$B$87,0),MATCH(Table1[[#This Row],[CAPACITY]],'OUTCOME MODEL'!$O$9:$T$9))} -> 1
A10: 1 | B10: 6 | C10: 1 | D10: {=+INDEX('OUTCOME MODEL'!$U$10:$Z$87,MATCH(Table1[[#This Row],[DRIVERS]]&Table1[[#This Row],[DEMAND]],'OUTCOME MODEL'!$A$10:$A$87&'OUTCOME MODEL'!$B$10:$B$87,0),MATCH(Table1[[#This Row],[CAPACITY]],'OUTCOME MODEL'!$U$9:$Z$9))} -> 8.75 | E10: {=+INDEX('OUTCOME MODEL'!$C$10:$H$87,MATCH(Table1[[#This Row],[DRIVERS]]&Table1[[#This Row],[DEMAND]],'OUTCOME MODEL'!$A$10:$A$87&'OUTCOME MODEL'!$B$10:$B$87,0),MATCH(Table1[[#This Row],[CAPACITY]],'OUTCOME MODEL'!$C$9:$H$9))} -> 1 | F10: {=+INDEX('OUTCOME MODEL'!$I$10:$N$87,MATCH(Table1[[#This Row],[DRIVERS]]&Table1[[#This Row],[DEMAND]],'OUTCOME MODEL'!$A$10:$A$87&'OUTCOME MODEL'!$B$10:$B$87,0),MATCH(Table1[[#This Row],[CAPACITY]],'OUTCOME MODEL'!$I$9:$N$9))} -> 0 | G10: {=+INDEX('OUTCOME MODEL'!$O$10:$T$87,MATCH(Table1[[#This Row],[DRIVERS]]&Table1[[#This Row],[DEMAND]],'OUTCOME MODEL'!$A$10:$A$87&'OUTCOME MODEL'!$B$10:$B$87,0),MATCH(Table1[[#This Row],[CAPACITY]],'OUTCOME MODEL'!$O$9:$T$9))} -> 1
A11: 1 | B11: 7 | C11: 1 | D11: {=+INDEX('OUTCOME MODEL'!$U$10:$Z$87,MATCH(Table1[[#This Row],[DRIVERS]]&Table1[[#This Row],[DEMAND]],'OUTCOME MODEL'!$A$10:$A$87&'OUTCOME MODEL'!$B$10:$B$87,0),MATCH(Table1[[#This Row],[CAPACITY]],'OUTCOME MODEL'!$U$9:$Z$9))} -> 8.75 | E11: {=+INDEX('OUTCOME MODEL'!$C$10:$H$87,MATCH(Table1[[#This Row],[DRIVERS]]&Table1[[#This Row],[DEMAND]],'OUTCOME MODEL'!$A$10:$A$87&'OUTCOME MODEL'!$B$10:$B$87,0),MATCH(Table1[[#This Row],[CAPACITY]],'OUTCOME MODEL'!$C$9:$H$9))} -> 1 | F11: {=+INDEX('OUTCOME MODEL'!$I$10:$N$87,MATCH(Table1[[#This Row],[DRIVERS]]&Table1[[#This Row],[DEMAND]],'OUTCOME MODEL'!$A$10:$A$87&'OUTCOME MODEL'!$B$10:$B$87,0),MATCH(Table1[[#This Row],[CAPACITY]],'OUTCOME MODEL'!$I$9:$N$9))} -> 0 | G11: {=+INDEX('OUTCOME MODEL'!$O$10:$T$87,MATCH(Table1[[#This Row],[DRIVERS]]&Table1[[#This Row],[DEMAND]],'OUTCOME MODEL'!$A$10:$A$87&'OUTCOME MODEL'!$B$10:$B$87,0),MATCH(Table1[[#This Row],[CAPACITY]],'OUTCOME MODEL'!$O$9:$T$9))} -> 1
A12: 1 | B12: 8 | C12: 1 | D12: {=+INDEX('OUTCOME MODEL'!$U$10:$Z$87,MATCH(Table1[[#This Row],[DRIVERS]]&Table1[[#This Row],[DEMAND]],'OUTCOME MODEL'!$A$10:$A$87&'OUTCOME MODEL'!$B$10:$B$87,0),MATCH(Table1[[#This Row],[CAPACITY]],'OUTCOME MODEL'!$U$9:$Z$9))} -> 8.75 | E12: {=+INDEX('OUTCOME MODEL'!$C$10:$H$87,MATCH(Table1[[#This Row],[DRIVERS]]&Table1[[#This Row],[DEMAND]],'OUTCOME MODEL'!$A$10:$A$87&'OUTCOME MODEL'!$B$10:$B$87,0),MATCH(Table1[[#This Row],[CAPACITY]],'OUTCOME MODEL'!$C$9:$H$9))} -> 1 | F12: {=+INDEX('OUTCOME MODEL'!$I$10:$N$87,MATCH(Table1[[#This Row],[DRIVERS]]&Table1[[#This Row],[DEMAND]],'OUTCOME MODEL'!$A$10:$A$87&'OUTCOME MODEL'!$B$10:$B$87,0),MATCH(Table1[[#This Row],[CAPACITY]],'OUTCOME MODEL'!$I$9:$N$9))} -> 0 | G12: {=+INDEX('OUTCOME MODEL'!$O$10:$T$87,MATCH(Table1[[#This Row],[DRIVERS]]&Table1[[#This Row],[DEMAND]],'OUTCOME MODEL'!$A$10:$A$87&'OUTCOME MODEL'!$B$10:$B$87,0),MATCH(Table1[[#This Row],[CAPACITY]],'OUTCOME MODEL'!$O$9:$T$9))} -> 1
A13: 1 | B13: 9 | C13: 1 | D13: {=+INDEX('OUTCOME MODEL'!$U$10:$Z$87,MATCH(Table1[[#This Row],[DRIVERS]]&Table1[[#This Row],[DEMAND]],'OUTCOME MODEL'!$A$10:$A$87&'OUTCOME MODEL'!$B$10:$B$87,0),MATCH(Table1[[#This Row],[CAPACITY]],'OUTCOME MODEL'!$U$9:$Z$9))} -> 8.75 | E13: {=+INDEX('OUTCOME MODEL'!$C$10:$H$87,MATCH(Table1[[#This Row],[DRIVERS]]&Table1[[#This Row],[DEMAND]],'OUTCOME MODEL'!$A$10:$A$87&'OUTCOME MODEL'!$B$10:$B$87,0),MATCH(Table1[[#This Row],[CAPACITY]],'OUTCOME MODEL'!$C$9:$H$9))} -> 1 | F13: {=+INDEX('OUTCOME MODEL'!$I$10:$N$87,MATCH(Table1[[#This Row],[DRIVERS]]&Table1[[#This Row],[DEMAND]],'OUTCOME MODEL'!$A$10:$A$87&'OUTCOME MODEL'!$B$10:$B$87,0),MATCH(Table1[[#This Row],[CAPACITY]],'OUTCOME MODEL'!$I$9:$N$9))} -> 0 | G13: {=+INDEX('OUTCOME MODEL'!$O$10:$T$87,MATCH(Table1[[#This Row],[DRIVERS]]&Table1[[#This Row],[DEMAND]],'OUTCOME MODEL'!$A$10:$A$87&'OUTCOME MODEL'!$B$10:$B$87,0),MATCH(Table1[[#This Row],[CAPACITY]],'OUTCOME MODEL'!$O$9:$T$9))} -> 1
A14: 1 | B14: 10 | C14: 1 | D14: {=+INDEX('OUTCOME MODEL'!$U$10:$Z$87,MATCH(Table1[[#This Row],[DRIVERS]]&Table1[[#This Row],[DEMAND]],'OUTCOME MODEL'!$A$10:$A$87&'OUTCOME MODEL'!$B$10:$B$87,0),MATCH(Table1[[#This Row],[CAPACITY]],'OUTCOME MODEL'!$U$9:$Z$9))} -> 8.75 | E14: {=+INDEX('OUTCOME MODEL'!$C$10:$H$87,MATCH(Table1[[#This Row],[DRIVERS]]&Table1[[#This Row],[DEMAND]],'OUTCOME MODEL'!$A$10:$A$87&'OUTCOME MODEL'!$B$10:$B$87,0),MATCH(Table1[[#This Row],[CAPACITY]],'OUTCOME MODEL'!$C$9:$H$9))} -> 1 | F14: {=+INDEX('OUTCOME MODEL'!$I$10:$N$87,MATCH(Table1[[#This Row],[DRIVERS]]&Table1[[#This Row],[DEMAND]],'OUTCOME MODEL'!$A$10:$A$87&'OUTCOME MODEL'!$B$10:$B$87,0),MATCH(Table1[[#This Row],[CAPACITY]],'OUTCOME MODEL'!$I$9:$N$9))} -> 0 | G14: {=+INDEX('OUTCOME MODEL'!$O$10:$T$87,MATCH(Table1[[#This Row],[DRIVERS]]&Table1[[#This Row],[DEMAND]],'OUTCOME MODEL'!$A$10:$A$87&'OUTCOME MODEL'!$B$10:$B$87,0),MATCH(Table1[[#This Row],[CAPACITY]],'OUTCOME MODEL'!$O$9:$T$9))} -> 1
A15: 1 | B15: 11 | C15: 1 | D15: {=+INDEX('OUTCOME MODEL'!$U$10:$Z$87,MATCH(Table1[[#This Row],[DRIVERS]]&Table1[[#This Row],[DEMAND]],'OUTCOME MODEL'!$A$10:$A$87&'OUTCOME MODEL'!$B$10:$B$87,0),MATCH(Table1[[#This Row],[CAPACITY]],'OUTCOME MODEL'!$U$9:$Z$9))} -> 8.75 | E15: {=+INDEX('OUTCOME MODEL'!$C$10:$H$87,MATCH(Table1[[#This Row],[DRIVERS]]&Table1[[#This Row],[DEMAND]],'OUTCOME MODEL'!$A$10:$A$87&'OUTCOME MODEL'!$B$10:$B$87,0),MATCH(Table1[[#This Row],[CAPACITY]],'OUTCOME MODEL'!$C$9:$H$9))} -> 1 | F15: {=+INDEX('OUTCOME MODEL'!$I$10:$N$87,MATCH(Table1[[#This Row],[DRIVERS]]&Table1[[#This Row],[DEMAND]],'OUTCOME MODEL'!$A$10:$A$87&'OUTCOME MODEL'!$B$10:$B$87,0),MATCH(Table1[[#This Row],[CAPACITY]],'OUTCOME MODEL'!$I$9:$N$9))} -> 0 | G15: {=+INDEX('OUTCOME MODEL'!$O$10:$T$87,MATCH(Table1[[#This Row],[DRIVERS]]&Table1[[#This Row],[DEMAND]],'OUTCOME MODEL'!$A$10:$A$87&'OUTCOME MODEL'!$B$10:$B$87,0),MATCH(Table1[[#This Row],[CAPACITY]],'OUTCOME MODEL'!$O$9:$T$9))} -> 1
... A471: 6 | B471: 12 | C471: 3.5 | D471: {=+INDEX('OUTCOME MODEL'!$U$10:$Z$87,MATCH(Table1[[#This Row],[DRIVERS]]&Table1[[#This Row],[DEMAND]],'OUTCOME MODEL'!$A$10:$A$87&'OUTCOME MODEL'!$B$10:$B$87,0),MATCH(Table1[[#This Row],[CAPACITY]],'OUTCOME MODEL'!$U$9:$Z$9))} -> 105 | E471: {=+INDEX('OUTCOME MODEL'!$C$10:$H$87,MATCH(Table1[[#This Row],[DRIVERS]]&Table1[[#This Row],[DEMAND]],'OUTCOME MODEL'!$A$10:$A$87&'OUTCOME MODEL'!$B$10:$B$87,0),MATCH(Table1[[#This Row],[CAPACITY]],'OUTCOME MODEL'!$C$9:$H$9))} -> 0.69330085 | F471: {=+INDEX('OUTCOME MODEL'!$I$10:$N$87,MATCH(Table1[[#This Row],[DRIVERS]]&Table1[[#This Row],[DEMAND]],'OUTCOME MODEL'!$A$10:$A$87&'OUTCOME MODEL'!$B$10:$B$87,0),MATCH(Table1[[#This Row],[CAPACITY]],'OUTCOME MODEL'!$I$9:$N$9))} -> 0.987 | G471: {=+INDEX('OUTCOME MODEL'!$O$10:$T$87,MATCH(Table1[[#This Row],[DRIVERS]]&Table1[[#This Row],[DEMAND]],'OUTCOME MODEL'!$A$10:$A$87&'OUTCOME MODEL'!$B$10:$B$87,0),MATCH(Table1[[#This Row],[CAPACITY]],'OUTCOME MODEL'!$O$9:$T$9))} -> 2
